team,player,position,2019-2020 salary
Orlando Magic,Aaron Gordon, PF,19.863636
Indiana Pacers,Aaron Holiday, PG,2.3292
Houston Rockets,Aaron Jackson, F,1.378242
Oklahoma City Thunder,Abdel Nader, SF,1.61852
Washington Wizards,Admiral Schofield, SG,1
Philadelphia 76ers,Al Horford, PF,28
Philadelphia 76ers,Alec Burks, SG,1.620564
Golden State Warriors,Alen Smailagic, PF,0.89831
Oklahoma City Thunder,Alex Abrines, G,5.455236
Los Angeles Lakers,Alex Caruso, SG,2.75
Sacramento Kings,Alex Len, C,4.16
LA Clippers,Alexis Ajinca, C,5.285394
Orlando Magic,Al-Farouq Aminu, PF,9.258
Cleveland Cavaliers,Alfonzo McKinnie, SF,1.5
Indiana Pacers,Alize Johnson, PF,1.416852
Minnesota Timberwolves,Allen Crabbe, G,18.5
New York Knicks,Allonzo Trier, G,3.551
Orlando Magic,Amile Jefferson, PF,1.529007
Detroit Pistons,Andre Drummond, C,27.093019
Miami Heat,Andre Iguodala, SG,17.185185
Oklahoma City Thunder,Andre Roberson, SG,10.74074
Minnesota Timberwolves,Andrew Wiggins, SF,27.50463
Portland Trail Blazers,Anfernee Simons, SG,2.14956
Cleveland Cavaliers,Ante Zizic, C,2.2818
Los Angeles Lakers,Anthony Davis, PF,27.093018
Memphis Grizzlies,Anthony Tolliver, PF,0.183115
Chicago Bulls,Antonio Blakeney, G,1.588231
Washington Wizards,Anzejs Pasecniks, C,0.482144
Phoenix Suns,Aron Baynes, C,5.45328
Houston Rockets,Austin Rivers, PG,2.147317
Los Angeles Lakers,Avery Bradley, PG,4.767
Miami Heat,Bam Adebayo, PF,3.45408
Houston Rockets,Ben McLemore, SF,2.028594
San Antonio Spurs,Ben Moore, F,1.349383
Philadelphia 76ers,Ben Simmons, PG,8.11393
Charlotte Hornets,Bismack Biyombo, C,17
Detroit Pistons,Blake Griffin, PF,34.449964
Dallas Mavericks,Boban Marjanovic, C,3.5
New York Knicks,Bobby Portis, PF,15
Sacramento Kings,Bogdan Bogdanovic, SG,8.529386
Utah Jazz,Bojan Bogdanovic, SF,17
Boston Celtics,Brad Wanamaker, PG,1.445697
Washington Wizards,Bradley Beal, SG,27.093019
Memphis Grizzlies,Brandon Clarke, SF,2.47884
Atlanta Hawks,Brandon Goodwin, PG,0.522738
New Orleans Pelicans,Brandon Ingram, SF,7.265485
Milwaukee Bucks,Brandon Jennings, G,2.222803
Detroit Pistons,Brandon Knight, PG,15.64375
San Antonio Spurs,Brandon Paul, G,1.378242
Milwaukee Bucks,Brook Lopez, C,12.093023
Detroit Pistons,Bruce Brown, SG,1.416852
Memphis Grizzlies,Bruno Caboclo, SF,1.845301
Atlanta Hawks,Bruno Fernando, C,1.4
San Antonio Spurs,Bryn Forbes, SG,2.875
Sacramento Kings,Buddy Hield, SG,4.861208
Washington Wizards,C.J. Miles, SG,8.333333
Charlotte Hornets,Caleb Martin, SF,0.89831
Sacramento Kings,Caleb Swanigan, PF,2.03316
Atlanta Hawks,Cam Reddish, SG,4.24572
Phoenix Suns,Cameron Johnson, SF,4.03344
Phoenix Suns,Cameron Payne, PG,1.737145
Brooklyn Nets,Caris LeVert, SG,2.625718
Portland Trail Blazers,Carmelo Anthony, PF,1.364204
Boston Celtics,Carsen Edwards, PG,1.228026
Cleveland Cavaliers,Cedi Osman, SF,2.907143
Chicago Bulls,Chandler Hutchison, SF,2.33232
Atlanta Hawks,Chandler Parsons, SF,25.102511
Phoenix Suns,Cheick Diallo, PF,1.678854
San Antonio Spurs,Chimezie Metu, PF,1.416852
Portland Trail Blazers,Chinanu Onuaku, C,1.544951
Toronto Raptors,Chris Boucher, PF,1.588231
Houston Rockets,Chris Clemons, PG,0.563347
Oklahoma City Thunder,Chris Paul, PG,38.506482
Miami Heat,Chris Silva, PF,0.466918
Detroit Pistons,Christian Wood, PF,1.645357
Portland Trail Blazers,CJ McCollum, SG,27.556959
Houston Rockets,Clint Capela, C,14.896552
Chicago Bulls,Coby White, PG,5.30712
Charlotte Hornets,Cody Martin, SF,1.17331
Charlotte Hornets,Cody Zeller, C,14.47191
Cleveland Cavaliers,Collin Sexton, PG,4.76496
Sacramento Kings,Cory Joseph, PG,12
Dallas Mavericks,Courtney Lee, SG,12.75967
Chicago Bulls,Cristiano Felicio, PF,8.1565
Orlando Magic,D.J. Augustin, PG,7.25
Milwaukee Bucks,D.J. Wilson, PF,2.96112
New Orleans Pelicans,Dairis Bertans, G,1.416852
Memphis Grizzlies,Dakari Johnson, C,1.378242
Atlanta Hawks,Damian Jones, C,2.305057
Portland Trail Blazers,Damian Lillard, PG,29.802321
Golden State Warriors,Damion Lee, SG,0.842327
New York Knicks,Damyean Dotson, SG,1.61852
Minnesota Timberwolves,D'Angelo Russell, SG,27.285
Chicago Bulls,Daniel Gafford, PF,0.89831
Boston Celtics,Daniel Theis, C,5
Oklahoma City Thunder,Danilo Gallinari, PF,22.615559
Los Angeles Lakers,Danny Green, SG,14.634146
Utah Jazz,Dante Exum, PG,9.6
Houston Rockets,Danuel House Jr., SF,3.54
Phoenix Suns,Dario Saric, PF,3.481986
Oklahoma City Thunder,Darius Bazley, SF,2.2848
Cleveland Cavaliers,Darius Garland, PG,6.40092
New Orleans Pelicans,Darius Miller, SF,7
Phoenix Suns,Darrell Arthur, F,7.464912
Indiana Pacers,Darren Collison, G,10
Brooklyn Nets,David Nwaba, SG,0.903111
Los Angeles Lakers,David Stockton, G,1.378242
Washington Wizards,Davis Bertans, SF,7
Sacramento Kings,De'Aaron Fox, PG,6.39276
Phoenix Suns,Deandre Ayton, C,9.56292
Atlanta Hawks,DeAndre' Bembry, SG,2.603982
Atlanta Hawks,De'Andre Hunter, SF,7.06836
Brooklyn Nets,DeAndre Jordan, C,9.881598
Miami Heat,DeAndre Liggins, G,1.795015
Memphis Grizzlies,De'Anthony Melton, SG,1.416852
San Antonio Spurs,Dejounte Murray, PG,2.321735
Dallas Mavericks,Delon Wright, PG,9.473684
San Antonio Spurs,DeMar DeRozan, SF,27.739975
Los Angeles Lakers,DeMarcus Cousins, C,3.5
San Antonio Spurs,DeMarre Carroll, SF,0.512721
Oklahoma City Thunder,Dennis Schroder, PG,15.5
New York Knicks,Dennis Smith Jr., PG,4.46364
Chicago Bulls,Denzel Valentine, SG,3.377569
Oklahoma City Thunder,Deonte Burton, SG,1.416852
New Orleans Pelicans,Derrick Favors, C,17.65
Miami Heat,Derrick Jones Jr., SF,1.645357
Detroit Pistons,Derrick Rose, PG,7.317073
LA Clippers,Derrick Walton Jr., G,1.445697
San Antonio Spurs,Derrick White, PG,1.94808
Phoenix Suns,Devin Booker, SG,27.285
Charlotte Hornets,Devonte' Graham, PG,1.416852
Toronto Raptors,Dewan Hernandez, C,0.89831
Sacramento Kings,Dewayne Dedmon, C,13.333333
Memphis Grizzlies,Dillon Brooks, SG,1.61852
Miami Heat,Dion Waiters, SG,0.375385
Dallas Mavericks,Dirk Nowitzki, F,5
Indiana Pacers,Domantas Sabonis, PF,3.529555
Utah Jazz,Donovan Mitchell, SG,3.63576
Milwaukee Bucks,Donte DiVincenzo, SG,2.9058
Dallas Mavericks,Dorian Finney-Smith, SF,4
Indiana Pacers,Doug McDermott, SF,7.333333
Milwaukee Bucks,Dragan Bender, F,1.678854
Golden State Warriors,Draymond Green, PF,18.53913
Miami Heat,Duncan Robinson, SG,1.416852
Charlotte Hornets,Dwayne Bacon, SG,1.61852
Detroit Pistons,Dwight Buycks, G,1.60052
Los Angeles Lakers,Dwight Howard, C,1.620564
Dallas Mavericks,Dwight Powell, C,10.259375
Miami Heat,Dwyane Wade, G,1.512601
Cleveland Cavaliers,Dylan Windler, SG,2.0358
Brooklyn Nets,Dzanan Musa, SG,1.9116
Utah Jazz,Ed Davis, C,4.767
Indiana Pacers,Edmond Sumner, PG,2
New York Knicks,Elfrid Payton, PG,8
Phoenix Suns,Elie Okobo, SF,1.416852
Philadelphia 76ers,Emeka Okafor, C,2.445085
Utah Jazz,Emmanuel Mudiay, PG,1.620564
Boston Celtics,Enes Kanter, C,4.767
Milwaukee Bucks,Eric Bledsoe, PG,15.625
Houston Rockets,Eric Gordon, SG,14.05773
Golden State Warriors,Eric Paschall, PF,0.89831
Milwaukee Bucks,Ersan Ilyasova, PF,7
New Orleans Pelicans,E'Twaun Moore, SG,8.664928
Orlando Magic,Evan Fournier, SG,17.15
Atlanta Hawks,Evan Turner, SG,18.606556
New Orleans Pelicans,Frank Jackson, PG,1.61852
Phoenix Suns,Frank Kaminsky, C,4.767
New York Knicks,Frank Ntilikina, PG,4.8558
Toronto Raptors,Fred VanVleet, SG,9.346153
Philadelphia 76ers,Furkan Korkmaz, SG,1.620564
Brooklyn Nets,Garrett Temple, SG,4.767
Orlando Magic,Gary Clark, PF,0.555409
Denver Nuggets,Gary Harris, SG,17.839286
Washington Wizards,Gary Payton II, PG,1.052909
Portland Trail Blazers,Gary Trent Jr., SG,1.416852
Milwaukee Bucks,George Hill, PG,9.133907
Utah Jazz,Georges Niang, SF,1.645357
Portland Trail Blazers,Georgios Papagiannis, C,1.544951
Denver Nuggets,Gerald Green, SG,1.620564
Milwaukee Bucks,Giannis Antetokounmpo, PF,25.842697
Philadelphia 76ers,Glenn Robinson III, SF,1.620564
Indiana Pacers,Goga Bitadze, C,2.81676
Miami Heat,Goran Dragic, PG,19.2179
Boston Celtics,Gordon Hayward, SF,32.70069
Memphis Grizzlies,Gorgui Dieng, C,16.229213
Boston Celtics,Grant Williams, PF,2.37984
Memphis Grizzlies,Grayson Allen, SG,2.4294
Oklahoma City Thunder,Hamidou Diallo, SG,1.416852
Sacramento Kings,Harrison Barnes, SF,24.147727
Sacramento Kings,Harry Giles III, C,2.5788
Portland Trail Blazers,Hassan Whiteside, C,27.093017
Washington Wizards,Ian Mahinmi, C,15.450051
New York Knicks,Ignas Brazdeikis, SF,0.89831
Indiana Pacers,Ike Anigbogu, C,1.378242
Brooklyn Nets,Iman Shumpert, SG,1.419138
Washington Wizards,Isaac Bonga, SF,1.416842
Orlando Magic,Isaiah Briscoe, G,0.838464
Milwaukee Bucks,Isaiah Canaan, G,1.512601
Houston Rockets,Isaiah Hartenstein, F,1.416852
Oklahoma City Thunder,Isaiah Roby, SF,1.5
Toronto Raptors,Isaiah Taylor, G,1.620564
Washington Wizards,Isaiah Thomas, PG,1.620564
Detroit Pistons,Isaiah Whitehead, G,1.544951
Washington Wizards,Ish Smith, PG,6
LA Clippers,Ivica Zubac, C,6.481482
Dallas Mavericks,J.J. Barea, PG,1.620564
Memphis Grizzlies,Ja Morant, PG,8.73024
Atlanta Hawks,Jabari Bird, G,1.349464
Sacramento Kings,Jabari Parker, PF,6.5
Minnesota Timberwolves,Jacob Evans, SG,1.92588
Memphis Grizzlies,Jae Crowder, SF,7.815533
New Orleans Pelicans,Jahlil Okafor, C,1.702486
Indiana Pacers,JaKarr Sampson, SF,1.620564
Minnesota Timberwolves,Jake Layman, SF,3.581986
San Antonio Spurs,Jakob Poeltl, C,3.754886
Dallas Mavericks,Jalen Brunson, PG,1.416852
Phoenix Suns,Jalen Lecque, PG,0.89831
Charlotte Hornets,Jalen McDaniels, PF,0.89831
Denver Nuggets,Jamal Murray, PG,4.444746
Philadelphia 76ers,James Ennis III, SF,1.882867
Houston Rockets,James Harden, SG,38.199
Minnesota Timberwolves,James Johnson, PF,15.3494
Houston Rockets,James Nunnally, G,1.349383
LA Clippers,JaMychal Green, PF,4.767
Los Angeles Lakers,Jared Dudley, SF,1.620564
Cleveland Cavaliers,Jarell Martin, F,1.620564
Memphis Grizzlies,Jaren Jackson Jr., PF,6.92748
Minnesota Timberwolves,Jarred Vanderbilt, PF,1.416852
Brooklyn Nets,Jarrett Allen, C,2.37684
Minnesota Timberwolves,Jarrett Culver, SG,5.81364
New Orleans Pelicans,Jason Smith, F,5.45
Los Angeles Lakers,JaVale McGee, C,4
Boston Celtics,Javonte Green, SG,0.89831
New Orleans Pelicans,Jaxson Hayes, C,4.86204
Boston Celtics,Jaylen Brown, SG,6.534829
Milwaukee Bucks,Jaylen Morris, G,1.378242
Minnesota Timberwolves,Jaylen Nowell, SG,1.4
Boston Celtics,Jayson Tatum, PF,7.83
Utah Jazz,Jeff Green, PF,0.439475
Minnesota Timberwolves,Jeff Teague, PG,19
Milwaukee Bucks,Jemerrio Jones, F,1.416852
Denver Nuggets,Jerami Grant, PF,9.346153
Indiana Pacers,Jeremy Lamb, SG,10.5
Washington Wizards,Jerome Robinson, SG,3.56772
Phoenix Suns,Jevon Carter, PG,1.416852
Phoenix Suns,Jimmer Fredette, G,0.208509
Miami Heat,Jimmy Butler, SF,32.742
New Orleans Pelicans,JJ Redick, SG,13.4863
Brooklyn Nets,Joe Harris, SF,7.666667
Utah Jazz,Joe Ingles, SG,11.954546
Detroit Pistons,Joe Johnson, G,1.620564
Philadelphia 76ers,Joel Embiid, C,27.50463
Atlanta Hawks,John Collins, PF,2.68656
Detroit Pistons,John Henson, PF,9.732396
Washington Wizards,John Wall, PG,38.199
Phoenix Suns,Jonah Bolden, PF,1.69845
Memphis Grizzlies,Jonas Valanciunas, C,16
Orlando Magic,Jonathan Isaac, PF,5.80644
Washington Wizards,Jonathon Simmons, G,5.7
Memphis Grizzlies,Jontay Porter, PF,0.197933
Memphis Grizzlies,Jordan Bell, PF,1.620564
Utah Jazz,Jordan Clarkson, PG,13.4375
Washington Wizards,Jordan McRae, SG,1.645357
Golden State Warriors,Jordan Poole, SG,1.96476
New Orleans Pelicans,Josh Hart, SF,1.65516
Memphis Grizzlies,Josh Jackson, SG,7.05948
Minnesota Timberwolves,Josh Okogie, SF,2.53068
Philadelphia 76ers,Josh Richardson, SG,10.116576
Los Angeles Lakers,JR Smith, SG,15.68
New Orleans Pelicans,Jrue Holiday, SG,26.231111
Minnesota Timberwolves,Juan Hernangomez, PF,3.32103
Golden State Warriors,Juan Toscano-Anderson, SF,0.350189
New York Knicks,Julius Randle, PF,18
Chicago Bulls,Julyan Stone, G,1.656092
Indiana Pacers,Justin Holiday, SF,4.767
Dallas Mavericks,Justin Jackson, SF,3.28092
Sacramento Kings,Justin James, SG,0.89831
Oklahoma City Thunder,Justin Patton, C,1.620564
Washington Wizards,Justin Robinson, PG,0.89831
Miami Heat,Justise Winslow, SF,13
Portland Trail Blazers,Jusuf Nurkic, C,13.125
Utah Jazz,Juwan Morgan, SF,0.746054
Minnesota Timberwolves,Karl-Anthony Towns, C,27.285
LA Clippers,Kawhi Leonard, SF,32.742
Minnesota Timberwolves,Keita Bates-Diop, SF,1.416852
San Antonio Spurs,Keldon Johnson, SF,1.9506
Miami Heat,Kelly Olynyk, PF,12.667885
Phoenix Suns,Kelly Oubre Jr., SF,15.625
Boston Celtics,Kemba Walker, PG,32.742
Miami Heat,Kendrick Nunn, SG,1.416852
Cleveland Cavaliers,Kendrick Perkins, C,2.445085
New Orleans Pelicans,Kenrich Williams, SF,1.416852
Sacramento Kings,Kent Bazemore, SG,19.269662
Los Angeles Lakers,Kentavious Caldwell-Pope, SG,8.089282
Brooklyn Nets,Kevin Durant, SF,38.199
Atlanta Hawks,Kevin Huerter, SG,2.63628
New York Knicks,Kevin Knox II, SF,4.38012
Cleveland Cavaliers,Kevin Love, PF,28.94283
Cleveland Cavaliers,Kevin Porter Jr., SG,1.29096
Golden State Warriors,Kevon Looney, PF,4.464226
Orlando Magic,Khem Birch, PF,3
Milwaukee Bucks,Khris Middleton, SF,30.603448
Detroit Pistons,Khyri Thomas, SG,1.416852
Golden State Warriors,Klay Thompson, SG,32.742
Chicago Bulls,Kris Dunn, PG,5.348007
Dallas Mavericks,Kristaps Porzingis, PF,27.285
Golden State Warriors,Ky Bowman, PG,0.350189
Memphis Grizzlies,Kyle Anderson, SF,9.07305
Utah Jazz,Kyle Collinsworth, G,1.378242
Milwaukee Bucks,Kyle Korver, SG,1.620564
Los Angeles Lakers,Kyle Kuzma, PF,1.9746
Toronto Raptors,Kyle Lowry, PG,34.996296
Philadelphia 76ers,Kyle O'Quinn, C,1.620564
Oklahoma City Thunder,Kyle Singler, F,4.996
Brooklyn Nets,Kyrie Irving, PG,31.742
Miami Heat,KZ Okpala, SF,0.89831
San Antonio Spurs,LaMarcus Aldridge, PF,26
Brooklyn Nets,Lance Thomas, SF,7.11965
LA Clippers,Landry Shamet, SG,1.99512
Detroit Pistons,Langston Galloway, SG,7.333333
Cleveland Cavaliers,Larry Nance Jr., PF,12.727273
Chicago Bulls,Lauri Markkanen, PF,5.3004
Los Angeles Lakers,LeBron James, SF,37.436858
San Antonio Spurs,Lonnie Walker IV, SG,2.68992
New Orleans Pelicans,Lonzo Ball, PG,8.71932
Toronto Raptors,Lorenzo Brown, G,1.512601
LA Clippers,Lou Williams, SG,8
Houston Rockets,Luc Mbah a Moute, PF,4.3205
Oklahoma City Thunder,Luguentz Dort, SG,0.155647
Dallas Mavericks,Luka Doncic, SG,7.68336
San Antonio Spurs,Luka Samanic, PF,2.68992
Miami Heat,Luke Babbitt, F,14.6517
Detroit Pistons,Luke Kennard, SG,3.82716
Chicago Bulls,Luke Kornet, C,2.25
Philadelphia 76ers,Malachi Richardson, G,1.56936
Indiana Pacers,Malcolm Brogdon, PG,20
Toronto Raptors,Malcolm Miller, SG,1.588231
Minnesota Timberwolves,Malik Beasley, SG,2.731714
Charlotte Hornets,Malik Monk, SG,4.0284
San Antonio Spurs,Manu Ginobili, G,2.5
Toronto Raptors,Marc Gasol, C,25.5957
LA Clippers,Marcin Gortat, C,13.565218
San Antonio Spurs,Marco Belinelli, SG,5.846154
New York Knicks,Marcus Morris Sr., SF,15
Boston Celtics,Marcus Smart, PG,12.553571
Portland Trail Blazers,Mario Hezonja, SF,1.737145
Orlando Magic,Markelle Fultz, PG,9.7452
Los Angeles Lakers,Markieff Morris, PF,1.75
Memphis Grizzlies,Marko Guduric, SG,2.625
Golden State Warriors,Marquese Chriss, C,0.654469
Chicago Bulls,MarShon Brooks, G,1.656092
Sacramento Kings,Marvin Bagley III, PF,8.55612
Charlotte Hornets,Marvin Williams, PF,0.604278
Denver Nuggets,Mason Plumlee, PF,14.041096
Philadelphia 76ers,Matisse Thybulle, SG,2.58216
Toronto Raptors,Matt Thomas, SG,0.89831
Cleveland Cavaliers,Matthew Dellavedova, PG,9.6075
New York Knicks,Maurice Harkless, SF,11.011234
Chicago Bulls,Max Strus, SG,0.89831
Dallas Mavericks,Maxi Kleber, PF,8
Orlando Magic,Melvin Frazier Jr., SG,1.416852
Miami Heat,Meyers Leonard, C,11.286516
LA Clippers,Mfiondu Kabengele, PF,1.977
Brooklyn Nets,Michael Beasley, F,3.5
Orlando Magic,Michael Carter-Williams, PG,1.620564
Charlotte Hornets,Michael Kidd-Gilchrist, SF,0.595122
Denver Nuggets,Michael Porter Jr., PF,3.3894
Phoenix Suns,Mikal Bridges, SF,4.161
Utah Jazz,Mike Conley, PG,32.511624
Oklahoma City Thunder,Mike Muscala, PF,2.028594
Philadelphia 76ers,Mike Scott, PF,4.767
Charlotte Hornets,Miles Bridges, SF,3.7554
Memphis Grizzlies,Miles Plumlee, C,12.5
LA Clippers,Milos Teodosic, G,6.3
New York Knicks,Mitchell Robinson, C,1.599712
Utah Jazz,Miye Oni, SG,0.89831
Orlando Magic,Mo Bamba, C,5.6976
Denver Nuggets,Monte Morris, PG,1.588231
LA Clippers,Montrezl Harrell, PF,6
Washington Wizards,Moritz Wagner, SF,2.06352
Indiana Pacers,Myles Turner, C,18
Portland Trail Blazers,Nassir Little, SF,2.10552
Minnesota Timberwolves,Naz Reid, C,0.89831
Sacramento Kings,Nemanja Bjelica, PF,6.825
Atlanta Hawks,Nene Hilario, C,2.564753
Oklahoma City Thunder,Nerlens Noel, C,1.620564
Denver Nuggets,Nick Young, G,1.042584
New Orleans Pelicans,Nickeil Alexander-Walker, SG,2.96484
Charlotte Hornets,Nicolas Batum, SG,25.565217
Brooklyn Nets,Nicolas Claxton, PF,0.89831
New Orleans Pelicans,Nicolo Melli, PF,4.102564
Utah Jazz,Nigel Williams-Goss, PG,1.5
Denver Nuggets,Nikola Jokic, C,27.50463
Milwaukee Bucks,Nikola Mirotic, F,12.5
Orlando Magic,Nikola Vucevic, C,28
Minnesota Timberwolves,Noah Vonleh, PF,2
Toronto Raptors,Norman Powell, SG,10.116576
Philadelphia 76ers,Norvel Pelle, SF,0.350189
Toronto Raptors,OG Anunoby, SF,2.2818
Washington Wizards,Okaro White, F,1.187862
Golden State Warriors,Omari Spellman, PF,1.8978
Chicago Bulls,Omer Asik, C,11.286516
Memphis Grizzlies,Omri Casspi, F,1.512601
Chicago Bulls,Otto Porter Jr., SF,27.250575
Houston Rockets,P.J. Tucker, PF,8.349039
Toronto Raptors,Pascal Siakam, PF,2.351839
Milwaukee Bucks,Pat Connaughton, SG,1.72305
LA Clippers,Patrick Beverley, PG,12.34568
Toronto Raptors,Patrick McCaw, SF,4
LA Clippers,Patrick Patterson, PF,1.620564
San Antonio Spurs,Patty Mills, PG,12.428571
LA Clippers,Paul George, SG,30.5607
Denver Nuggets,Paul Millsap, PF,30.35
Chicago Bulls,Paul Zipser, F,1.544951
Charlotte Hornets,PJ Washington, PF,3.83184
Los Angeles Lakers,Quinn Cook, PG,3
Los Angeles Lakers,Rajon Rondo, PG,2.564753
Philadelphia 76ers,Raul Neto, PG,1.620564
Utah Jazz,Rayjon Tucker, SG,0.578573
New York Knicks,Reggie Bullock, SF,4
LA Clippers,Reggie Jackson, PG,0.512721
Sacramento Kings,Richaun Holmes, C,4.767
Phoenix Suns,Ricky Rubio, PG,16.2
New York Knicks,RJ Barrett, SG,7.83996
Minnesota Timberwolves,Robert Covington, PF,11.301219
Boston Celtics,Robert Williams III, C,1.93752
Milwaukee Bucks,Robin Lopez, C,4.767
Brooklyn Nets,Rodions Kurucs, SF,1.699236
Portland Trail Blazers,Rodney Hood, SF,5.718
LA Clippers,Rodney McGruder, SG,4.807693
Miami Heat,Rodney Purvis, G,1.378242
Boston Celtics,Romeo Langford, SG,3.4584
Washington Wizards,Ron Baker, G,0.94858
Toronto Raptors,Rondae Hollis-Jefferson, SF,2.5
Utah Jazz,Royce O'Neale, SF,1.61852
San Antonio Spurs,Rudy Gay, SF,14.5
Utah Jazz,Rudy Gobert, C,23.241573
Washington Wizards,Rui Hachimura, PF,4.46916
Houston Rockets,Russell Westbrook, PG,38.506482
Houston Rockets,Ryan Anderson, PF,1.620564
Chicago Bulls,Ryan Arcidiacono, PG,3
Dallas Mavericks,Ryan Broekhoff, SG,1.416852
Chicago Bulls,Sean Kilpatrick, G,2.054856
Detroit Pistons,Sekou Doumbouya, SF,3.28512
Boston Celtics,Semi Ojeleye, PF,1.61852
Toronto Raptors,Serge Ibaka, C,23.271604
Dallas Mavericks,Seth Curry, SG,7.46138
Washington Wizards,Shabazz Napier, PG,1.845301
Oklahoma City Thunder,Shai Gilgeous-Alexander, SG,3.95292
Philadelphia 76ers,Shake Milton, SG,1.455697
Chicago Bulls,Shaquille Harrison, PG,1.620564
Portland Trail Blazers,Skal Labissiere, PF,2.338847
Memphis Grizzlies,Solomon Hill, SF,12.758781
Brooklyn Nets,Spencer Dinwiddie, PG,10.6056
Toronto Raptors,Stanley Johnson, SF,3.623
Utah Jazz,Stanton Kidd, SF,0.89831
Golden State Warriors,Stephen Curry, PG,40.231758
Milwaukee Bucks,Sterling Brown, SG,1.61852
Oklahoma City Thunder,Steven Adams, C,25.842697
Detroit Pistons,Sviatoslav Mykhailiuk, SG,1.416852
Indiana Pacers,T.J. Leaf, PF,2.81328
Indiana Pacers,T.J. McConnell, PG,3.5
Indiana Pacers,T.J. Warren, SF,10.81
New York Knicks,Taj Gibson, C,9
Los Angeles Lakers,Talen Horton-Tucker, SG,0.89831
Washington Wizards,Tarik Phillip, G,1.416842
Brooklyn Nets,Taurean Prince, PF,3.481986
LA Clippers,Terance Mann, SG,1
Toronto Raptors,Terence Davis, SG,0.89831
Oklahoma City Thunder,Terrance Ferguson, SF,2.47584
Orlando Magic,Terrence Ross, SG,12.5
Charlotte Hornets,Terry Rozier, PG,19.894737
Houston Rockets,Thabo Sefolosha, SF,1.620564
Chicago Bulls,Thaddeus Young, PF,12.9
Milwaukee Bucks,Thanasis Antetokounmpo, SF,1.445697
Brooklyn Nets,Theo Pinson, SG,1.445697
Washington Wizards,Thomas Bryant, C,8
Detroit Pistons,Thon Maker, C,3.569643
Detroit Pistons,Tim Frazier, PG,1.620564
Dallas Mavericks,Tim Hardaway Jr., SG,20.025127
Orlando Magic,Timofey Mozgov, C,16.72
Brooklyn Nets,Timothe Luwawu-Cabarrot, SG,0.654469
Philadelphia 76ers,Tobias Harris, SF,32.742
Chicago Bulls,Tomas Satoransky, SG,10
Utah Jazz,Tony Bradley, C,1.96236
Detroit Pistons,Tony Snell, SF,11.392857
Denver Nuggets,Torrey Craig, SF,2
Atlanta Hawks,Trae Young, PG,6.273
Minnesota Timberwolves,Treveon Graham, SG,1.645357
Sacramento Kings,Trevor Ariza, SF,12.195122
Philadelphia 76ers,Trey Burke, PG,1.620564
San Antonio Spurs,Trey Lyles, C,5.5
Cleveland Cavaliers,Tristan Thompson, C,18.53913
Washington Wizards,Troy Brown Jr., SF,3.21948
Los Angeles Lakers,Troy Daniels, SG,0.384541
Phoenix Suns,Ty Jerome, SG,2.19348
Miami Heat,Tyler Herro, SG,3.6402
Phoenix Suns,Tyler Johnson, SG,0.183115
Sacramento Kings,Tyler Lydon, F,1.620564
San Antonio Spurs,Tyler Zeller, C,0.245686
Indiana Pacers,Tyreke Evans, G,12.4
Atlanta Hawks,Tyrone Wallace, SG,1.588231
Houston Rockets,Tyson Chandler, C,1.620564
Memphis Grizzlies,Tyus Jones, PG,9.258
Miami Heat,Udonis Haslem, PF,1.620564
Indiana Pacers,Victor Oladipo, SG,21
Atlanta Hawks,Vince Carter, G,1.620564
Boston Celtics,Vincent Poirier, C,2.505793
Denver Nuggets,Vlatko Cancar, SF,0.89831
Indiana Pacers,Wade Baldwin IV, G,1.544951
New York Knicks,Wayne Ellington, SG,8
Chicago Bulls,Wendell Carter Jr., C,5.2014
Sacramento Kings,Wenyen Gabriel, PF,1.445697
Orlando Magic,Wes Iwundu, SF,1.61842
Washington Wizards,Wesley Johnson, F,6.13452
Milwaukee Bucks,Wesley Matthews, SG,2.564753
Denver Nuggets,Will Barton, SF,12.776786
Golden State Warriors,Willie Cauley-Stein, C,2.177483
Charlotte Hornets,Willy Hernangomez, C,1.676735
Brooklyn Nets,Wilson Chandler, SF,1.620564
Boston Celtics,Yante Maten, F,1.416852
Sacramento Kings,Yogi Ferrell, PG,3.15
Portland Trail Blazers,Zach Collins, PF,4.2402
Chicago Bulls,Zach LaVine, PG,19.5
Dallas Mavericks,Zach Randolph, F,11.692308
Philadelphia 76ers,Zhaire Smith, SG,3.0588
Houston Rockets,Zhou Qi, C,1.378242
New Orleans Pelicans,Zion Williamson, SF,9.75744
