STUDENT PROGRAM,STUDENT PLAN
Arts and Sciences,Undeclared
"Architecture, Art and Planning",Urban & Regional Studies
Business,Hotel and Restaurant Admin
Arts and Sciences,"Government, History"
Arts and Sciences,Computer Science
Agriculture and Life Sciences,Development Sociology
"Architecture, Art and Planning",Urban & Regional Studies
Arts and Sciences,Economics
Arts and Sciences,Undeclared
Arts and Sciences,Undeclared
Industrial and Labor Relations,Industrial and Labor Relations
"Architecture, Art and Planning",Urban & Regional Studies
Business,Hotel and Restaurant Admin
Arts and Sciences,Government
Arts and Sciences,Undeclared
Industrial and Labor Relations,Industrial and Labor Relations
Arts and Sciences,Undeclared
"Architecture, Art and Planning",Urban & Regional Studies
Engineering,Unaffiliated
Arts and Sciences,Undeclared
Arts and Sciences,Undeclared
Arts and Sciences,Undeclared
Arts and Sciences,Undeclared
Arts and Sciences,Undeclared
Arts and Sciences,Undeclared
Business,"Hotel and Restaurant Admin, Cornell Study Away"
Agriculture and Life Sciences,Information Science
Business,Hotel and Restaurant Admin
"Architecture, Art and Planning",Urban & Regional Studies
Arts and Sciences,Undeclared
Arts and Sciences,Undeclared
Arts and Sciences,"Government, English"
Arts and Sciences,Undeclared
Arts and Sciences,Undeclared
Human Ecology,Human Development
Business,Hotel and Restaurant Admin
Human Ecology,"Fashion Design and Management, Business"
Business,Hotel and Restaurant Admin
Industrial and Labor Relations,Industrial and Labor Relations
Business,Applied Economics and Mgmt
Arts and Sciences,Undeclared
"Architecture, Art and Planning",Urban & Regional Studies
Arts and Sciences,Undeclared
Arts and Sciences,History
Arts and Sciences,Undeclared
"Architecture, Art and Planning",Urban & Regional Studies
Arts and Sciences,Undeclared
Arts and Sciences,Undeclared
Business,Hotel and Restaurant Admin
Arts and Sciences,"Government, History"
Engineering,Computer Science
"Architecture, Art and Planning",Urban & Regional Studies
Arts and Sciences,Undeclared
Arts and Sciences,"Government, Spanish"
Agriculture and Life Sciences,Development Sociology
Human Ecology,"Policy Analysis and Management, Business"
"Architecture, Art and Planning",Urban & Regional Studies
Arts and Sciences,Undeclared
Arts and Sciences,Government
Arts and Sciences,Undeclared
"Architecture, Art and Planning",Fine Arts
Arts and Sciences,"Computer Science, Cornell Study Away"
Arts and Sciences,Undeclared
Business,"Hotel and Restaurant Admin, Cornell Study Away"
Business,Hotel and Restaurant Admin
Arts and Sciences,Undeclared
Arts and Sciences,Economics
Human Ecology,"Human Development, Cornell Study Away"
Arts and Sciences,Biological Sciences
